<RAM name="LPDDR2" desc="MX508 V03 initialization script for LPDDR2." >

  <CMD addr="0x53fd400c" data="0x00000004" format="32" />
  <CMD addr="0x63f80000" data="0x00001232" format="32" />
  <CMD addr="0x63f80004" data="0x00000002" format="32" />
  <CMD addr="0x63f80008" data="0x00000080" format="32" />
  <CMD addr="0x63f8001c" data="0x00000080" format="32" />
  <CMD addr="0x63f8000c" data="0x00000002" format="32" />
  <CMD addr="0x63f80020" data="0x00000002" format="32" />
  <CMD addr="0x63f80010" data="0x00000001" format="32" />
  <CMD addr="0x63f80024" data="0x00000001" format="32" />
  <!-- restart pll -->
  <CMD addr="0x63f80000" data="0x00001232" format="32" />
  <!-- delay some time -->
  <CMD addr="0x53fa86ac" data="0x02000000" format="32" />
  <CMD addr="0x53fa86ac" data="0x02000000" format="32" />
  <CMD addr="0x53fa86ac" data="0x02000000" format="32" />
  <CMD addr="0x53fa86ac" data="0x02000000" format="32" />
  <CMD addr="0x53fa86ac" data="0x02000000" format="32" />
  <CMD addr="0x53fa86ac" data="0x02000000" format="32" />
  <CMD addr="0x53fa86ac" data="0x02000000" format="32" />
  <CMD addr="0x53fa86ac" data="0x02000000" format="32" />
  <CMD addr="0x53fa86ac" data="0x02000000" format="32" />
  <CMD addr="0x53fa86ac" data="0x02000000" format="32" />
  <CMD addr="0x53fa86ac" data="0x02000000" format="32" />
  <CMD addr="0x53fa86ac" data="0x02000000" format="32" />
  <CMD addr="0x53fa86ac" data="0x02000000" format="32" />
  <CMD addr="0x53fa86ac" data="0x02000000" format="32" />
  <CMD addr="0x53fa86ac" data="0x02000000" format="32" />
  <CMD addr="0x53fa86ac" data="0x02000000" format="32" />
  <CMD addr="0x53fa86ac" data="0x02000000" format="32" />
  <CMD addr="0x53fa86ac" data="0x02000000" format="32" />
  <CMD addr="0x53fa86ac" data="0x02000000" format="32" />
  <CMD addr="0x53fa86ac" data="0x02000000" format="32" />
  <CMD addr="0x53fa86ac" data="0x02000000" format="32" />
  <CMD addr="0x53fa86ac" data="0x02000000" format="32" />
  <CMD addr="0x53fa86ac" data="0x02000000" format="32" />
  <CMD addr="0x53fa86ac" data="0x02000000" format="32" />
  <CMD addr="0x53fa86ac" data="0x02000000" format="32" />
  <CMD addr="0x53fa86ac" data="0x02000000" format="32" />
  <CMD addr="0x53fa86ac" data="0x02000000" format="32" />
  <CMD addr="0x53fa86ac" data="0x02000000" format="32" />
  <CMD addr="0x53fa86ac" data="0x02000000" format="32" />
  <CMD addr="0x53fa86ac" data="0x02000000" format="32" />
  <CMD addr="0x53fa86ac" data="0x02000000" format="32" />
  <CMD addr="0x53fa86ac" data="0x02000000" format="32" />
  <CMD addr="0x53fa86ac" data="0x02000000" format="32" />
  <CMD addr="0x53fa86ac" data="0x02000000" format="32" />
  <CMD addr="0x53fa86ac" data="0x02000000" format="32" />
  <CMD addr="0x53fa86ac" data="0x02000000" format="32" />
  <CMD addr="0x53fa86ac" data="0x02000000" format="32" />
  <CMD addr="0x53fa86ac" data="0x02000000" format="32" />
  <CMD addr="0x53fa86ac" data="0x02000000" format="32" />
  <CMD addr="0x53fa86ac" data="0x02000000" format="32" />
  <CMD addr="0x53fa86ac" data="0x02000000" format="32" />
  <CMD addr="0x53fa86ac" data="0x02000000" format="32" />
  <CMD addr="0x53fa86ac" data="0x02000000" format="32" />
  <CMD addr="0x53fa86ac" data="0x02000000" format="32" />
  <CMD addr="0x53fa86ac" data="0x02000000" format="32" />
  <CMD addr="0x53fa86ac" data="0x02000000" format="32" />
  <CMD addr="0x53fa86ac" data="0x02000000" format="32" />
  <CMD addr="0x53fa86ac" data="0x02000000" format="32" />
  <CMD addr="0x53fa86ac" data="0x02000000" format="32" />
  <CMD addr="0x53fa86ac" data="0x02000000" format="32" />
  <CMD addr="0x53fa86ac" data="0x02000000" format="32" />
  <CMD addr="0x53fa86ac" data="0x02000000" format="32" />


  <!-- Switch ARM back to PLL1 -->
  <CMD addr="0x53fd400c" data="0x00000000" format="32" />

  <CMD addr="0x53fd4068" data="0xffffffff" format="32" />
  <CMD addr="0x53fd406c" data="0xffffffff" format="32" />
  <CMD addr="0x53fd4070" data="0xffffffff" format="32" />
  <CMD addr="0x53fd4074" data="0xffffffff" format="32" />
  <CMD addr="0x53fd4078" data="0xffffffff" format="32" />
  <CMD addr="0x53fd407c" data="0xffffffff" format="32" />
  <CMD addr="0x53fd4080" data="0xffffffff" format="32" />
  <CMD addr="0x53fd4084" data="0xffffffff" format="32" />
  <CMD addr="0x53FD4098" data="0x80000003" format="32" />

  <!-- delay some time to make sure DDR dividers take effect -->
  <CMD addr="0x53fd406c" data="0xffffffff" format="32" />
  <CMD addr="0x53fd406c" data="0xffffffff" format="32" />
  <CMD addr="0x53fd406c" data="0xffffffff" format="32" />
  <CMD addr="0x53fd406c" data="0xffffffff" format="32" />
  <CMD addr="0x53fd406c" data="0xffffffff" format="32" />
  <CMD addr="0x53fd406c" data="0xffffffff" format="32" />
  <CMD addr="0x53fd406c" data="0xffffffff" format="32" />
  <CMD addr="0x53fd406c" data="0xffffffff" format="32" />
  <CMD addr="0x53fd406c" data="0xffffffff" format="32" />
  <CMD addr="0x53fd406c" data="0xffffffff" format="32" />
  <CMD addr="0x53fd406c" data="0xffffffff" format="32" />
  <CMD addr="0x53fd406c" data="0xffffffff" format="32" />
  <CMD addr="0x53fd406c" data="0xffffffff" format="32" />
  <CMD addr="0x53fd406c" data="0xffffffff" format="32" />
  <CMD addr="0x53fd406c" data="0xffffffff" format="32" />
  <CMD addr="0x53fd406c" data="0xffffffff" format="32" />
  <CMD addr="0x53fd406c" data="0xffffffff" format="32" />
  <CMD addr="0x53fd406c" data="0xffffffff" format="32" />
  <CMD addr="0x53fd406c" data="0xffffffff" format="32" />
  <CMD addr="0x53fd406c" data="0xffffffff" format="32" />
  <CMD addr="0x53fd406c" data="0xffffffff" format="32" />
  <CMD addr="0x53fd406c" data="0xffffffff" format="32" />
  <CMD addr="0x53fd406c" data="0xffffffff" format="32" />
  <CMD addr="0x53fd406c" data="0xffffffff" format="32" />
  <CMD addr="0x53fd406c" data="0xffffffff" format="32" />
  <CMD addr="0x53fd406c" data="0xffffffff" format="32" />
  <CMD addr="0x53fd406c" data="0xffffffff" format="32" />
  <CMD addr="0x53fd406c" data="0xffffffff" format="32" />
  <CMD addr="0x53fd406c" data="0xffffffff" format="32" />

  <CMD addr="0x53fa86ac" data="0x04000000" format="32" />
  <CMD addr="0x53fa86a4" data="0x00180000" format="32" />
  <CMD addr="0x53fa8668" data="0x00180000" format="32" />
  <CMD addr="0x53fa8698" data="0x00180000" format="32" />
  <CMD addr="0x53fa86a0" data="0x00180000" format="32" />
  <CMD addr="0x53fa86a8" data="0x00180000" format="32" />
  <CMD addr="0x53fa86b4" data="0x00180000" format="32" />  
  <CMD addr="0x53fa8498" data="0x00180000" format="32" />  
  <CMD addr="0x53fa849c" data="0x00180000" format="32" />  
  <CMD addr="0x53fa84f0" data="0x00180000" format="32" />
  <CMD addr="0x53fa8500" data="0x00180000" format="32" />
  <CMD addr="0x53fa84c8" data="0x00180000" format="32" />
  <CMD addr="0x53fa8528" data="0x00180000" format="32" />
  <CMD addr="0x53fa84f4" data="0x00180000" format="32" />
  <CMD addr="0x53fa84fc" data="0x00180000" format="32" />
  <CMD addr="0x53fa84cc" data="0x00180000" format="32" />
  <CMD addr="0x53fa8524" data="0x00180000" format="32" />
  <CMD addr="0x14000128" data="0x08170101" format="32" />
  <CMD addr="0x14000128" data="0x00000000" format="32" />
  <CMD addr="0x14000128" data="0x08170111" format="32" />
  <CMD addr="0x14000128" data="0x00000000" format="32" />
  <CMD addr="0x14000000" data="0x00000500" format="32" />
  <CMD addr="0x14000004" data="0x00000000" format="32" />
  <CMD addr="0x14000008" data="0x0000001b" format="32" />
  <CMD addr="0x1400000c" data="0x0000d056" format="32" />
  <CMD addr="0x14000010" data="0x0000010b" format="32" />
  <CMD addr="0x14000014" data="0x00000a6b" format="32" />
  <CMD addr="0x14000018" data="0x02030d0c" format="32" />
  <CMD addr="0x1400001c" data="0x0c110304" format="32" />
  <CMD addr="0x14000020" data="0x05020503" format="32" />
  <CMD addr="0x14000024" data="0x0048eb05" format="32" />
  <CMD addr="0x14000028" data="0x01000403" format="32" />
  <CMD addr="0x1400002c" data="0x09040501" format="32" />
  <CMD addr="0x14000030" data="0x02000000" format="32" />
  <CMD addr="0x14000034" data="0x00000e02" format="32" />
  <CMD addr="0x14000038" data="0x00000006" format="32" />
  <CMD addr="0x1400003c" data="0x00002301" format="32" />
  <CMD addr="0x14000040" data="0x00050300" format="32" />
  <CMD addr="0x14000044" data="0x00000300" format="32" />
  <CMD addr="0x14000048" data="0x00260026" format="32" />
  <CMD addr="0x1400004c" data="0x00010000" format="32" />
  <CMD addr="0x1400005c" data="0x02000000" format="32" />
  <CMD addr="0x14000060" data="0x00000002" format="32" />
  <CMD addr="0x14000064" data="0x00000000" format="32" />
  <CMD addr="0x14000068" data="0x00000000" format="32" />
  <CMD addr="0x1400006c" data="0x00040042" format="32" />
  <CMD addr="0x14000070" data="0x00000001" format="32" />
  <CMD addr="0x14000074" data="0x00000000" format="32" />
  <CMD addr="0x14000078" data="0x00040042" format="32" />
  <CMD addr="0x1400007c" data="0x00000001" format="32" />
  <CMD addr="0x14000080" data="0x010b0000" format="32" />
  <CMD addr="0x14000084" data="0x00000060" format="32" />                                    
  <CMD addr="0x14000088" data="0x02400018" format="32" />
  <CMD addr="0x1400008c" data="0x01000e00" format="32" />
  <CMD addr="0x14000090" data="0x0a010101" format="32" />
  <CMD addr="0x14000094" data="0x01011f1f" format="32" />
  <CMD addr="0x14000098" data="0x01010101" format="32" />
  <CMD addr="0x1400009c" data="0x00030101" format="32" />
  <CMD addr="0x140000a0" data="0x00010000" format="32" />
  <CMD addr="0x140000a4" data="0x00010000" format="32" />
  <CMD addr="0x140000a8" data="0x00000000" format="32" />
  <CMD addr="0x140000ac" data="0x0000ffff" format="32" />
  <CMD addr="0x140000c8" data="0x02020101" format="32" />
  <CMD addr="0x140000cc" data="0x01000000" format="32" />
  <CMD addr="0x140000d0" data="0x01000201" format="32" />
  <CMD addr="0x140000d4" data="0x00000200" format="32" />
  <CMD addr="0x140000d8" data="0x00000102" format="32" />
  <CMD addr="0x140000dc" data="0x0003ffff" format="32" />
  <CMD addr="0x140000e0" data="0x0000ffff" format="32" />
  <CMD addr="0x140000e4" data="0x02020000" format="32" />
  <CMD addr="0x140000e8" data="0x02020202" format="32" />
  <CMD addr="0x140000ec" data="0x00000202" format="32" />
  <CMD addr="0x140000f0" data="0x01010064" format="32" />
  <CMD addr="0x140000f4" data="0x01010101" format="32" />
  <CMD addr="0x140000f8" data="0x00010101" format="32" />
  <CMD addr="0x140000fc" data="0x00000064" format="32" />
  <CMD addr="0x14000100" data="0x00000000" format="32" />
  <CMD addr="0x14000104" data="0x02000802" format="32" />
  <CMD addr="0x14000108" data="0x04080000" format="32" />
  <CMD addr="0x1400010c" data="0x04080408" format="32" />
  <CMD addr="0x14000110" data="0x04080408" format="32" />
  <CMD addr="0x14000114" data="0x03060408" format="32" />
  <CMD addr="0x14000118" data="0x01010002" format="32" />
  <CMD addr="0x1400011c" data="0x00000000" format="32" />
  <CMD addr="0x14000200" data="0x00000000" format="32" />
  <CMD addr="0x14000204" data="0x00000000" format="32" />
  <CMD addr="0x14000208" data="0xf5003a27" format="32" />
  <CMD addr="0x14000210" data="0xf5003a27" format="32" />  
  <CMD addr="0x14000218" data="0xf5003a27" format="32" />
  <CMD addr="0x14000220" data="0xf5003a27" format="32" />
  <CMD addr="0x14000228" data="0xf5003a27" format="32" />
  <CMD addr="0x1400020c" data="0x074002e1" format="32" />
  <CMD addr="0x14000214" data="0x074002e1" format="32" />
  <CMD addr="0x1400021c" data="0x074002e1" format="32" />
  <CMD addr="0x14000224" data="0x074002e1" format="32" />
  <CMD addr="0x1400022c" data="0x074002e1" format="32" />
  <CMD addr="0x14000230" data="0x00000000" format="32" />
  <CMD addr="0x14000234" data="0x00810006" format="32" />
  <CMD addr="0x14000238" data="0x60099414" format="32" />
  <CMD addr="0x14000240" data="0x60099414" format="32" />
  <CMD addr="0x14000248" data="0x60099414" format="32" />
  <CMD addr="0x14000250" data="0x60099414" format="32" />
  <CMD addr="0x14000258" data="0x60099414" format="32" />
  <CMD addr="0x1400023c" data="0x000a1401" format="32" />
  <CMD addr="0x14000244" data="0x000a1401" format="32" />
  <CMD addr="0x1400024c" data="0x000a1401" format="32" />
  <CMD addr="0x14000254" data="0x000a1401" format="32" />
  <CMD addr="0x1400025c" data="0x000a1401" format="32" />
  <CMD addr="0x14000000" data="0x00000501" format="32" />
</RAM>
