<RAM name="MDDR" desc="MX508 TO1 initialization script for MDDR." >

  <CMD addr="0x53fd400c" data="0x00000004" format="32" />
  <CMD addr="0x63f80000" data="0x00001232" format="32" />
  <CMD addr="0x63f80004" data="0x00000002" format="32" />
  <CMD addr="0x63f80008" data="0x00000080" format="32" />
  <CMD addr="0x63f8001c" data="0x00000080" format="32" />
  <CMD addr="0x63f8000c" data="0x00000002" format="32" />
  <CMD addr="0x63f80020" data="0x00000002" format="32" />
  <CMD addr="0x63f80010" data="0x00000001" format="32" />
  <CMD addr="0x63f80024" data="0x00000001" format="32" />
  <!-- restart pll -->
  <CMD addr="0x63f80000" data="0x00001232" format="32" />
  <!-- delay some time -->
  <CMD addr="0x53fa86ac" data="0x02000000" format="32" />
  <CMD addr="0x53fa86ac" data="0x02000000" format="32" />
  <CMD addr="0x53fa86ac" data="0x02000000" format="32" />
  <CMD addr="0x53fa86ac" data="0x02000000" format="32" />
  <CMD addr="0x53fa86ac" data="0x02000000" format="32" />
  <CMD addr="0x53fa86ac" data="0x02000000" format="32" />
  <CMD addr="0x53fa86ac" data="0x02000000" format="32" />
  <CMD addr="0x53fa86ac" data="0x02000000" format="32" />
  <CMD addr="0x53fa86ac" data="0x02000000" format="32" />
  <CMD addr="0x53fa86ac" data="0x02000000" format="32" />
  <CMD addr="0x53fa86ac" data="0x02000000" format="32" />
  <CMD addr="0x53fa86ac" data="0x02000000" format="32" />
  <CMD addr="0x53fa86ac" data="0x02000000" format="32" />
  <CMD addr="0x53fa86ac" data="0x02000000" format="32" />
  <CMD addr="0x53fa86ac" data="0x02000000" format="32" />
  <CMD addr="0x53fa86ac" data="0x02000000" format="32" />
  <CMD addr="0x53fa86ac" data="0x02000000" format="32" />
  <CMD addr="0x53fa86ac" data="0x02000000" format="32" />
  <CMD addr="0x53fa86ac" data="0x02000000" format="32" />
  <CMD addr="0x53fa86ac" data="0x02000000" format="32" />
  <CMD addr="0x53fa86ac" data="0x02000000" format="32" />
  <CMD addr="0x53fa86ac" data="0x02000000" format="32" />
  <CMD addr="0x53fa86ac" data="0x02000000" format="32" />
  <CMD addr="0x53fa86ac" data="0x02000000" format="32" />
  <CMD addr="0x53fa86ac" data="0x02000000" format="32" />
  <CMD addr="0x53fa86ac" data="0x02000000" format="32" />
  <CMD addr="0x53fa86ac" data="0x02000000" format="32" />
  <CMD addr="0x53fa86ac" data="0x02000000" format="32" />
  <CMD addr="0x53fa86ac" data="0x02000000" format="32" />
  <CMD addr="0x53fa86ac" data="0x02000000" format="32" />
  <CMD addr="0x53fa86ac" data="0x02000000" format="32" />
  <CMD addr="0x53fa86ac" data="0x02000000" format="32" />
  <CMD addr="0x53fa86ac" data="0x02000000" format="32" />
  <CMD addr="0x53fa86ac" data="0x02000000" format="32" />
  <CMD addr="0x53fa86ac" data="0x02000000" format="32" />
  <CMD addr="0x53fa86ac" data="0x02000000" format="32" />
  <CMD addr="0x53fa86ac" data="0x02000000" format="32" />
  <CMD addr="0x53fa86ac" data="0x02000000" format="32" />
  <CMD addr="0x53fa86ac" data="0x02000000" format="32" />
  <CMD addr="0x53fa86ac" data="0x02000000" format="32" />
  <CMD addr="0x53fa86ac" data="0x02000000" format="32" />
  <CMD addr="0x53fa86ac" data="0x02000000" format="32" />
  <CMD addr="0x53fa86ac" data="0x02000000" format="32" />
  <CMD addr="0x53fa86ac" data="0x02000000" format="32" />
  <CMD addr="0x53fa86ac" data="0x02000000" format="32" />
  <CMD addr="0x53fa86ac" data="0x02000000" format="32" />
  <CMD addr="0x53fa86ac" data="0x02000000" format="32" />
  <CMD addr="0x53fa86ac" data="0x02000000" format="32" />
  <CMD addr="0x53fa86ac" data="0x02000000" format="32" />
  <CMD addr="0x53fa86ac" data="0x02000000" format="32" />
  <CMD addr="0x53fa86ac" data="0x02000000" format="32" />
  <CMD addr="0x53fa86ac" data="0x02000000" format="32" />


  <!-- Switch ARM back to PLL1 -->
  <CMD addr="0x53fd400c" data="0x00000000" format="32" />


  <CMD addr="0x53fd4068" data="0xffffffff" format="32" />
  <CMD addr="0x53fd406c" data="0xffffffff" format="32" />
  <CMD addr="0x53fd4070" data="0xffffffff" format="32" />
  <CMD addr="0x53fd4074" data="0xffffffff" format="32" />
  <CMD addr="0x53fd4078" data="0xffffffff" format="32" />
  <CMD addr="0x53fd407c" data="0xffffffff" format="32" />
  <CMD addr="0x53fd4080" data="0xffffffff" format="32" />
  <CMD addr="0x53fd4084" data="0xffffffff" format="32" />
  <CMD addr="0x53FD4098" data="0x80000006" format="32" />
  <CMD addr="0x53fa86ac" data="0x00000000" format="32" />
  <CMD addr="0x53fa866c" data="0x00000000" format="32" />
  <CMD addr="0x53fa868c" data="0x00000000" format="32" />
  <CMD addr="0x53fa86a4" data="0x00200000" format="32" />
  <CMD addr="0x53fa8668" data="0x00200000" format="32" />
  <CMD addr="0x53fa8698" data="0x00200000" format="32" />
  <CMD addr="0x53fa86a0" data="0x00200000" format="32" />
  <CMD addr="0x53fa86a8" data="0x00200000" format="32" />
  <CMD addr="0x53fa86b4" data="0x00200000" format="32" />
  <CMD addr="0x53fa8498" data="0x00200200" format="32" />
  <CMD addr="0x53fa849c" data="0x00200000" format="32" />
  <CMD addr="0x53fa84f0" data="0x00200200" format="32" />
  <CMD addr="0x53fa8500" data="0x00200000" format="32" />
  <CMD addr="0x53fa84c8" data="0x00200000" format="32" />
  <CMD addr="0x53fa8528" data="0x00200000" format="32" />
  <CMD addr="0x53fa84f4" data="0x00200080" format="32" />
  <CMD addr="0x53fa84fc" data="0x00200000" format="32" />
  <CMD addr="0x53fa84cc" data="0x00200080" format="32" />
  <CMD addr="0x53fa8524" data="0x00200080" format="32" />
  <CMD addr="0x53fa8670" data="0x00000000" format="32" />
  <CMD addr="0x14000000" data="0x00000100" format="32" />
  <CMD addr="0x14000008" data="0x00009c40" format="32" />
  <CMD addr="0x14000014" data="0x02000000" format="32" />
  <CMD addr="0x14000018" data="0x01010706" format="32" />
  <CMD addr="0x1400001c" data="0x080b0201" format="32" />
  <CMD addr="0x14000020" data="0x02000303" format="32" />
  <CMD addr="0x14000024" data="0x0136b002" format="32" />
  <CMD addr="0x14000028" data="0x01000101" format="32" />
  <CMD addr="0x1400002c" data="0x06030301" format="32" />
  <CMD addr="0x14000030" data="0x00000000" format="32" />
  <CMD addr="0x14000034" data="0x00000a02" format="32" />
  <CMD addr="0x14000038" data="0x00000003" format="32" />
  <CMD addr="0x1400003c" data="0x00001401" format="32" />
  <CMD addr="0x14000040" data="0x0005030f" format="32" />
  <CMD addr="0x14000044" data="0x00000200" format="32" />
  <CMD addr="0x14000048" data="0x00180018" format="32" />
  <CMD addr="0x1400004c" data="0x00010000" format="32" />  
  <CMD addr="0x1400005c" data="0x01000000" format="32" />
  <CMD addr="0x14000060" data="0x00000001" format="32" />
  <CMD addr="0x14000064" data="0x00000000" format="32" />
  <CMD addr="0x14000068" data="0x00320000" format="32" />
  <CMD addr="0x1400006c" data="0x00800000" format="32" />
  <CMD addr="0x14000070" data="0x00000000" format="32" />
  <CMD addr="0x14000074" data="0x00320000" format="32" />
  <CMD addr="0x14000080" data="0x02000000" format="32" />
  <CMD addr="0x14000084" data="0x00000100" format="32" />
  <CMD addr="0x14000088" data="0x02400040" format="32" />
  <CMD addr="0x1400008c" data="0x01000000" format="32" />
  <CMD addr="0x14000090" data="0x0a000100" format="32" />
  <CMD addr="0x14000094" data="0x01011f1f" format="32" />
  <CMD addr="0x14000098" data="0x01010101" format="32" />
  <CMD addr="0x1400009c" data="0x00030101" format="32" />
  <CMD addr="0x140000a4" data="0x00010000" format="32" />
  <CMD addr="0x140000ac" data="0x000007ff" format="32" />
  <CMD addr="0x140000c8" data="0x02020101" format="32" />
  <CMD addr="0x140000cc" data="0x00000000" format="32" />
  <CMD addr="0x140000d0" data="0x01000202" format="32" />
  <CMD addr="0x140000d4" data="0x02030302" format="32" />
  <CMD addr="0x140000d8" data="0x00000001" format="32" />
  <CMD addr="0x140000dc" data="0x0000ffff" format="32" />
  <CMD addr="0x140000e0" data="0x0000ffff" format="32" />
  <CMD addr="0x140000e4" data="0x02020000" format="32" />
  <CMD addr="0x140000e8" data="0x02020202" format="32" />
  <CMD addr="0x140000ec" data="0x00000202" format="32" />
  <CMD addr="0x140000f0" data="0x01010064" format="32" />
  <CMD addr="0x140000f4" data="0x01010101" format="32" />
  <CMD addr="0x140000f8" data="0x00010101" format="32" />
  <CMD addr="0x140000fc" data="0x00010064" format="32" />
  <CMD addr="0x14000104" data="0x02020602" format="32" />
  <CMD addr="0x14000108" data="0x06120400" format="32" />
  <CMD addr="0x1400010c" data="0x06120612" format="32" />
  <CMD addr="0x14000110" data="0x06120612" format="32" />
  <CMD addr="0x14000114" data="0x01030612" format="32" />
  <CMD addr="0x14000118" data="0x01010002" format="32" />
  <CMD addr="0x14000200" data="0x00000000" format="32" />
  <CMD addr="0x14000204" data="0x00000000" format="32" />
  <CMD addr="0x14000208" data="0xf5002725" format="32" />
  <CMD addr="0x14000210" data="0xf5002725" format="32" />
  <CMD addr="0x14000218" data="0xf5002725" format="32" />
  <CMD addr="0x14000220" data="0xf5002725" format="32" />
  <CMD addr="0x14000228" data="0xf5002725" format="32" />
  <CMD addr="0x1400020c" data="0x070002d0" format="32" />
  <CMD addr="0x14000214" data="0x070002d0" format="32" />
  <CMD addr="0x1400021c" data="0x070002d0" format="32" />
  <CMD addr="0x14000224" data="0x070002d0" format="32" />
  <CMD addr="0x1400022c" data="0x070002d0" format="32" />
  <CMD addr="0x14000230" data="0x00000000" format="32" />
  <CMD addr="0x14000234" data="0x00800006" format="32" />
  <CMD addr="0x14000238" data="0x200e1014" format="32" />
  <CMD addr="0x14000240" data="0x200e1014" format="32" />
  <CMD addr="0x14000248" data="0x200e1014" format="32" />
  <CMD addr="0x14000250" data="0x200e1014" format="32" />
  <CMD addr="0x14000258" data="0x200e1014" format="32" />
  <CMD addr="0x1400023c" data="0x000d9f01" format="32" />
  <CMD addr="0x14000244" data="0x000d9f01" format="32" />
  <CMD addr="0x1400024c" data="0x000d9f01" format="32" />
  <CMD addr="0x14000254" data="0x000d9f01" format="32" />
  <CMD addr="0x1400025c" data="0x000d9f01" format="32" />
  <CMD addr="0x14000000" data="0x00000101" format="32" />
</RAM>
