<!--
* Copyright (C) 2010, Freescale Semiconductor, Inc. All Rights Reserved.
* The CFG element contains a list of recognized usb devices.
*  DEV elements provide a name, class, vid and pid for each device.
*
* Each LIST element contains a list of update instructions.
*  "Install" - Erase media and install firmware.
*  "Update" - Update firmware only.
*
* Each CMD element contains one update instruction of attribute type.
*  "pull" - Does UtpRead(body, file) transaction.
*  "push" - Does UtpWrite(body, file) transaction.
*  "drop" - Does UtpCommand(body) then waits for device to disconnect.
*  "boot" - Finds configured device, forces it to "body" device and downloads "file".
*  "find" - Waits for "timeout" seconds for the "body" device to connect.
*  "show" - Parse and show device info in "file".  
-->


<UCL>
  <CFG>
    <STATE name="Recovery" dev="IMX508"/>
    <STATE name="Updater"   dev="Updater" />  
    <DEV name="IMX508" vid="15A2" pid="0052"/>
    <DEV name="Updater" vid="066F" pid="37FF" />
  </CFG>
  <LIST name="SD" desc="Choose SD as media">  
    <CMD type="boot" body="Recovery" file ="u-boot.bin" >Running plugin to init LPDDR2 Memory.</CMD>
    <CMD type="load" file="uImage" address="0x70800000"
        loadSection="OTH" setSection="OTH" HasFlashHeader="FALSE" >Doing Kernel.</CMD>
    <CMD type="load" file="initramfs.cpio.gz.uboot" address="0x70B00000"
        loadSection="OTH" setSection="OTH" HasFlashHeader="FALSE" >Doing Initramfs.</CMD>
    <CMD type="jump" > Jumping to OS image. </CMD>
    <CMD type="find" body="Updater" timeout="180"/>
    <!--
    * The mx50 supports OTP operation through /sys
    * Read: cat /sys/fsl_otp/HW_OCOTP_MAC0
    * Write: echo 0x10234567 > /sys/fsl_otp/HW_OCOTP_MAC0
    * If the user wants to burn OTP at mfg-tool, please take below
    * as an example
    * 
    * <CMD type="push" body="$ echo 0x10234567 > /sys/fsl_otp/HW_OCOTP_MAC0">Burn ethernet MAC0 at OTP</CMD>
    -->
    <CMD type="push" body="mknod block,mmcblk0,/dev/mmcblk0,block"/>
    <CMD type="push" body="send" file="fdisk-u.input">Sending fdisk input</CMD>
    <CMD type="push" body="$ fdisk -u /dev/mmcblk0 < $FILE">Partitioning SD card</CMD>
    <CMD type="push" body="mknod block/mmcblk0,mmcblk0p1,/dev/mmcblk0p1,block"/>
    <CMD type="push" body="send" file="files/u-boot.bin">Sending u-boot.bin</CMD>
    <CMD type="push" body="$ dd if=$FILE of=/dev/mmcblk0 bs=1k seek=1 skip=1 conv=fsync">write u-boot.bin to sd card</CMD>
    <CMD type="push" body="send" file="files/uImage">Sending kernel uImage</CMD>
    <CMD type="push" body="$ dd if=$FILE of=/dev/mmcblk0 bs=1M seek=1 conv=fsync">write kernel image to sd card</CMD>
    <CMD type="push" body="$ mkfs.ext3 -j /dev/mmcblk0p1">Formatting rootfs partition</CMD>
    <CMD type="push" body="$ mkdir -p /mnt/mmcblk0p1"/> 
    <CMD type="push" body="$ mount -t ext3 /dev/mmcblk0p1 /mnt/mmcblk0p1"/>
    <CMD type="push" body="pipe tar -jxv -C /mnt/mmcblk0p1" file="files/rootfs.tar.bz2">Sending and writting rootfs</CMD>
    <CMD type="push" body="frf">Finishing rootfs write</CMD>
    <CMD type="push" body="$ umount /mnt/mmcblk0p1">Unmounting rootfs partition</CMD>
    <CMD type="push" body="$ echo Update Complete!">Done</CMD>
 <!--
    The below commands will trigger reboot
    <CMD type="push" body="!3">Done</CMD>
 -->
  </LIST>
  <!--
  Please use slot3 for MMC4.4 update
      The following are the valid inputs when configure the boot
      partitions of the eMMC cards.
      +------------------------------------------------------------+
      | Bit7 | Bit6     | Bit5 Bit4 Bit3        | Bit2 Bit1 Bit0   |
      |------|----------|-----------------------|------------------|
      | X    | BOOT_ACK | BOOT_PARTITION_ENABLE | PARTITION_ACCESS |
      +------------------------------------------------------------+
      Bit7: Reserved
      Bit6: always set to vaule '1' when boot_part is enabled
      Bit[5:3]:
      0x0 : Device not boot enabled (default)
      0x1 : Boot partition 1 enabled for boot
      0x2 : Boot partition 2 enabled for boot
      0x7 : User area enabled for boot
      Bit[2:0]:
      0x0 : No access to boot partition (default)
      0x1 : R/W boot partition 1
      0x2 : R/W boot partition 2
      So only the '0, 1, 2; 8, 9, 10; 16, 17, 18; 56, 57, 58' are
      valid parameters when configure the boot_partiton.

      NOTE:
      The following are the valid inputs when configure the boot
      bus width of the eMMC cards.
      +--------------------------------------------------------------------+
      | Bit7 Bit6 Bit5 | Bit4 Bit3 | Bit2                 | Bit1 Bit0      |
      |----------------|----------------------------------|----------------|
      | X              | BOOT_MODE | RESET_BOOT_BUS_WIDTH | BOOT_BUS_WIDTH |
      +--------------------------------------------------------------------+
      Bit [4:3] : BOOT_MODE (non-volatile)
      0x0 : Use single data rate + backward compatible timings in boot
      operation (default)
      0x1 : Use single data rate + high speed timings in boot operation mode
      0x2 : Use dual data rate in boot operation
      0x3 : Reserved
      Bit [2]: RESET_BOOT_BUS_WIDTH (non-volatile)
      0x0 : Reset bus width to x1, single data rate and backward compatible
      timings after boot operation (default)
      0x1 : Retain boot bus width and boot mode after boot operation
      Bit[1:0] : BOOT_BUS_WIDTH (non-volatile)
      0x0 : x1 (sdr) or x4 (ddr) bus width in boot operation mode (default)
      0x1 : x4 (sdr/ddr) bus width in boot operation mode
      0x2 : x8 (sdr/ddr) bus width in boot operation mode
      0x3 : Reserved
  -->
  <LIST name="MMC4.4" desc="Choose MMC4.4 as boot media">   
    <CMD type="find" body="Recovery" timeout="60"/>
    <CMD type="init" body="Memory" file ="MX508_MDDR.xml" >Init MDDR Memory.</CMD>
    <CMD type="load" file="uImage" address="0x70800000"
        loadSection="OTH" setSection="OTH" HasFlashHeader="FALSE" >Doing Kernel.</CMD>
    <CMD type="load" file="initramfs.cpio.gz.uboot" address="0x70B00000"
        loadSection="OTH" setSection="OTH" HasFlashHeader="FALSE" >Doing Initramfs.</CMD>
    <CMD type="load" file="u-boot.bin" address="0x77800000"
        loadSection="OTH" setSection="APP" CodeOffset="0x0">Loading OS image.</CMD>    
    <CMD type="jump" > Jumping to OS image. </CMD>
    <CMD type="find" body="Updater" timeout="60"/>
    <CMD type="pull" body="?" file="device.xml">Getting device info.</CMD>
    <CMD type="show" file="device.xml" />
    <!--
    * The mx50 supports OTP operation through /sys
    * Read: cat /sys/fsl_otp/HW_OCOTP_MAC0
    * Write: echo 0x10234567 > /sys/fsl_otp/HW_OCOTP_MAC0
    * If the user wants to burn OTP at mfg-tool, please take below
    * as an example
    * 
    * <CMD type="push" body="$ echo 0x10234567 > /sys/fsl_otp/HW_OCOTP_MAC0">Burn ethernet MAC0 at OTP</CMD>
    -->
    <CMD type="push" body="$ mknod /dev/mmcblk0 b 179 0"></CMD>
    <CMD type="push" body="$ mknod /dev/mmcblk1 b 179 8"></CMD>
<CMD type="push" body="$ ls -l /"></CMD>
    <CMD type="push" body="$ mount -t ext3 /dev/mmcblk1 /mnt/"></CMD>
    <CMD type="push" body="$ echo 1 > /sys/devices/platform/mxsdhci.2/mmc_host/mmc0/mmc0:0001/boot_config">access boot partition 1</CMD>
    <CMD type="push" body="$ dd if=/dev/mmcblk0 of=/mnt/dump bs=512 count=2048">write sd data to sd card</CMD>
    <CMD type="push" body="$ echo 8 > /sys/devices/platform/mxsdhci.2/mmc_host/mmc0/mmc0:0001/boot_config">access user partition,and enable boot partion1 to boot</CMD>
    <CMD type="push" body="$ echo 2 > /sys/devices/platform/mxsdhci.2/mmc_host/mmc0/mmc0:0001/boot_bus_config">Set boot width is 8bits</CMD>
<CMD type="push" body="$ umount -t ext3 /mnt/"></CMD>
<CMD type="push" body="$ sync"></CMD>
    <CMD type="push" body="frf">Finishing rootfs write</CMD>

		<CMD type="push" body="$ echo Update Complete!">Done</CMD>
 <!--
    The below commands will trigger reboot
    <CMD type="push" body="!3">Done</CMD>
 -->
  </LIST>
</UCL>
